Brand,Model,Inches,Price,Price_Category,DisplayType,PPI,outlier_flag
Oneplus,y1s 4,40,18990,Affordable,Full HD,55.07,0
Tcl,32s5403af 3,32,13990,Affordable,Full HD,68.84,0
Tcl,32s5400a 3,32,9990,Budget,HD-Ready,48.97,0
Sony,bravia kd-65x74l 6,65,74990,High-end,4K,67.78,0
Sony,bravia kd-43x74k 4,43,39990,Mid-range,4K,102.46,0
Dyanora,dy-ld43u2s-001 4,43,18990,Affordable,4K,102.46,0
Thomson,fa series 42rt1044 4,42,15499,Affordable,Full HD,52.45,0
Thomson,fa series 32rt1022 3,32,10499,Affordable,HD-Ready,48.97,0
Thomson,fa series 43rt1055 4,43,16999,Affordable,Full HD,51.23,0
Samsung,ua32t4380ak 3,32,14990,Affordable,HD-Ready,48.97,0
Acer,ar70gr2851ud 7,70,69999,High-end,4K,62.94,0
Iffalcon,iff32s53 3,32,11999,Affordable,HD-Ready,48.97,0
Iffalcon,iff43u62 4,43,18999,Affordable,4K,102.46,0
Iffalcon,iff50u62 5,50,24999,Affordable,4K,88.12,0
Iffalcon,iff55u62 5,55,26990,Affordable,4K,80.11,0
Samsung,crystal vision ua43cue70akl 4,43,31490,Mid-range,4K,102.46,0
Thomson,32alpha007bl 3,32,8499,Budget,HD-Ready,48.97,0
Xiaomi,x series l50m8-a2in 5,50,34999,Mid-range,4K,88.12,0
Xiaomi,mi tv 4x 5,50,34999,Mid-range,4K,88.12,0
Thomson,q65h1100 6,65,43999,Mid-range,4K,67.78,0
Lg,32lm563bptc 3,32,20990,Affordable,HD-Ready,48.97,0
Oneplus,y1s pro 4,43,29990,Affordable,4K,102.46,0
Infinix,32y1 3,32,8999,Budget,HD-Ready,48.97,0
Lg,55uq7500psf 5,55,43990,Mid-range,4K,80.11,0
Lg,43ur7500psc 4,43,32990,Mid-range,4K,102.46,0
Samsung,ua55cue60ak 5,55,47990,Mid-range,4K,80.11,0
Samsung,ua50cue60ak 5,50,44990,Mid-range,4K,88.12,0
Motorola,32hdgdmbsxp 3,32,11499,Affordable,HD-Ready,48.97,0
Cooaa,32s3u pro 3,32,8499,Budget,HD-Ready,48.97,0
Lg,43up7500ptz 4,43,36990,Mid-range,4K,102.46,0
Kodak,9xpro 329x5051 3,32,10499,Affordable,HD-Ready,48.97,0
Kodak,43fhdx7xpro 4,43,23499,Affordable,Full HD,51.23,0
Samsung,ua43aue65ak 4,43,28990,Affordable,4K,102.46,0
Marq,32hdcdqee1b 3,32,8399,Budget,HD-Ready,48.97,0
Vu,43gloled 4,43,29999,Affordable,4K,102.46,0
Acer,v series ar43gr2851vqd 4,43,24999,Affordable,4K,102.46,0
Thomson,op max 55opmaxgt9030 5,55,29499,Affordable,4K,80.11,0
Hisense,75a6k 7,75,94999,High-end,4K,58.74,0
Hisense,tornado 65a7k 6,65,59999,Mid-range,4K,67.78,0
Hisense,50a7h 5,50,32999,Mid-range,4K,88.12,0
Kodak,55mt5022 5,55,30999,Mid-range,4K,80.11,0
Xiaomi,mi x pro (l50m8-5xin) 5,50,41999,Mid-range,LED 4K,88.12,0
Xiaomi,mi x pro (l43m8-5xin) 4,43,32999,Mid-range,LED 4K,102.46,0
Marq,32hdndqee1b 3,32,7449,Budget,HD-Ready,48.97,0
Marq,32hdndmsvab 3,32,8999,Budget,HD-Ready,48.97,0
Oneplus,32y1 3,32,9999,Budget,HD-Ready,48.97,0
Foxsky,32fsels-pro 3,32,7999,Budget,HD-Ready,48.97,0
Blaupunkt,cybersound 43csa7121 4,43,17499,Affordable,Full HD,51.23,0
Blaupunkt,42csa7707 4,42,16999,Affordable,Full HD,52.45,0
Sony,bravia kd-32w820k 3,32,24999,Affordable,HD-Ready,48.97,0
Haier,le32w400g 3,32,12490,Affordable,HD-Ready,48.97,0
Dyanora,dy-ld24h4s 2,24,6999,Budget,HD-Ready,65.3,0
Dyanora,dy-ld32h4s 3,32,8999,Budget,HD-Ready,48.97,0
Xiaomi,smart tv 5a pro 3,32,25999,Affordable,HD-Ready,48.97,0
Dyanora,dy-ld32h1n 3,32,7999,Budget,HD-Ready,48.97,0
Beethosol,ledatbg32hdek 3,32,7399,Budget,HD-Ready,48.97,0
Sansui,jswy32gshd 3,32,11990,Affordable,HD-Ready,48.97,0
Toshiba,65m550mp 6,65,56999,Mid-range,4K,67.78,0
Sansui,jsw65asuhdff 6,65,51999,Mid-range,4K,67.78,0
Sansui,jsw43asuhd 4,43,25999,Affordable,4K,102.46,0
Realme,smart tv 32 3,32,9999,Budget,HD-Ready,48.97,0
Blaupunkt,cybersound g2 65csgt7024 6,65,39999,Mid-range,4K,67.78,0
Blaupunkt,50csa7007 5,50,28999,Affordable,4K,88.12,0
Blaupunkt,55csa7090 5,55,32999,Mid-range,4K,80.11,0
Lg,oled65a2psa 6,65,149990,Premium,4K,67.78,0
Infinix,43x3in 4,43,16999,Affordable,Full HD,51.23,0
Kodak,ca pro 43capro5022 4,43,23999,Affordable,4K,102.46,0
Xiaomi,mi tv 4a horizon 4,40,29999,Affordable,Full HD,55.07,0
Panasonic,viera th-40hs450dx 4,40,13999,Affordable,Full HD,55.07,0
Panasonic,th-65mx660dx 6,65,64990,High-end,4K,67.78,0
Panasonic,th-55mx660dx 5,55,42990,Mid-range,4K,80.11,0
Adsun,a-3200n 3,32,6789,Budget,HD-Ready,48.97,0
Adsun,a-3200f/n 3,32,7200,Budget,HD-Ready,48.97,0
Compaq,hueq x cqv43fds 4,43,14999,Affordable,Full HD,51.23,0
Beethosol,ledatvbg2483hd17-tp 2,24,5499,Budget,HD-Ready,65.3,0
Beethosol,ledstvbg3285hd27-ek 3,32,8249,Budget,HD-Ready,48.97,0
Foxsky,55fs-vs 5,55,26499,Affordable,4K,80.11,0
Motorola,revou 2 43fhdadmvvee 4,43,22327,Affordable,Full HD,51.23,0
Samsung,ua65aue60ak 6,65,80490,High-end,4K,67.78,0
Lg,32lm565bpta 3,32,13499,Affordable,HD-Ready,48.97,0
Sansui,neo jswy32cshd 3,32,10769,Affordable,HD-Ready,48.97,0
Sens,sens32wygshd 3,32,7999,Budget,HD-Ready,48.97,0
Xiaomi,redmi smart fire tv 3,32,12499,Affordable,HD-Ready,48.97,0
Sansui,jsw43asfhd 4,43,22500,Affordable,Full HD,51.23,0
Samsung,ua32t4010ar 3,32,16290,Affordable,HD-Ready,48.97,0
Lg,lx1 pose 55lx1qpsa 5,55,149990,Premium,EVO 4K,80.11,0
Lg,32lq645bpta 3,32,17999,Affordable,HD-Ready,48.97,0
Nokia,55uhdaqndt5q 5,55,54999,Mid-range,4K,80.11,0
Motorola,50uhdadmrs7p 5,50,35999,Mid-range,4K,88.12,0
Sens,dwinci sens65wgsqled 6,65,39999,Mid-range,4K,67.78,0
Sens,dwinci sens55wgsqled 5,55,31999,Mid-range,4K,80.11,0
Haier,l50eg 5,50,39990,Mid-range,4K,88.12,0
Onida,nexg 65uig 6,65,45999,Mid-range,4K,67.78,0
Samsung,qa55qn90bak 5,55,184990,Premium,QLED 4K,80.11,1
Acer,ar43ap2851udfl 4,43,34990,Mid-range,4K,102.46,0
Dyanora,dy-ld32h2s 3,32,8299,Budget,HD-Ready,48.97,0
Candy,ca32c9 3,32,10990,Affordable,HD-Ready,48.97,0
Samsung,ua55bu8570u 5,55,78990,High-end,4K,80.11,0
Sansui,jsw32ashd 3,32,10999,Affordable,HD-Ready,48.97,0
Sony,bravia xr-55a80l 5,55,180490,Premium,4K,80.11,1
Sony,bravia xr-77a80l 7,77,446490,Luxury,4K,57.22,1
Samsung,ua43bu8570u 4,43,51990,Mid-range,4K,102.46,0
Samsung,qa65qn800ck 6,65,364990,Luxury,QLED 8K UHD,135.56,1
Samsung,qa75qn800bk 7,75,799990,Luxury,QLED 8K UHD,117.49,1
Samsung,qa43q60cak 4,43,62990,High-end,4K,102.46,0
Samsung,qa65ls03tak 6,65,138490,Premium,4K,67.78,0
Lg,oled55g2psa 5,55,144990,Premium,EVO 4K,80.11,0
Samsung,ua50cu8000k 5,50,55290,Mid-range,4K,88.12,0
Samsung,qa49ls01tak 4,49,89490,High-end,4K,89.91,0
Lg,32lk628bptf 3,32,21899,Affordable,HD-Ready,48.97,0
Candy,ca5560cqled 5,55,42990,Mid-range,4K,80.11,0
Kevin,kn32a1 3,32,7999,Budget,HD-Ready,48.97,0
Xiaomi,mi tv 4a pro 3,32,16989,Affordable,HD-Ready,48.97,0
Xiaomi,smart tv 5a 4,40,20999,Affordable,Full HD,55.07,0
Xiaomi,mi tv 4a pro 4,43,21499,Affordable,Full HD,51.23,0
Realme,smart tv x 3,32,12599,Affordable,HD-Ready,48.97,0
Samsung,ua32t4340ak 3,32,17490,Affordable,HD-Ready,48.97,0
Xiaomi,smart tv x series 5,50,34999,Mid-range,4K,88.12,0
Xiaomi,x series l43m8-a2in 4,43,28999,Affordable,4K,102.46,0
Xiaomi,x series l55m8-a2in 5,55,36999,Mid-range,4K,80.11,0
Xiaomi,smart tv x series 5,55,39999,Mid-range,4K,80.11,0
Thomson,fa series 40rt1033 4,40,14999,Affordable,Full HD,55.07,0
Thomson,40path7777 4,40,16999,Affordable,Full HD,55.07,0
Thomson,42path2121 4,42,15999,Affordable,Full HD,52.45,0
Thomson,43path0009 4,43,17999,Affordable,Full HD,51.23,0
Xiaomi,x series l65m8-a2in 6,65,59999,Mid-range,4K,67.78,0
Xiaomi,mi tv 4a horizon 3,32,16300,Affordable,HD-Ready,48.97,0
Xiaomi,mi tv 4a horizon 4,43,31999,Mid-range,Full HD,51.23,0
Thomson,40m4099 4,40,19999,Affordable,Full HD,55.07,0
Thomson,24tm2490 2,24,6299,Budget,HD-Ready,65.3,0
Thomson,32tm3290 3,32,7999,Budget,HD-Ready,48.97,0
Kodak,9xpro 439x5081 4,43,16999,Affordable,Full HD,51.23,0
Kodak,40fhdx7xpro 4,40,15999,Affordable,Full HD,55.07,0
Kodak,42fhdx7xpro 4,42,15999,Affordable,Full HD,52.45,0
Iffalcon,iff65u62 6,65,39999,Mid-range,4K,67.78,0
Samsung,crystal vision ua55cue70akl 5,55,46990,Mid-range,4K,80.11,0
Samsung,ua55aue65ak 5,55,42990,Mid-range,4K,80.11,0
Samsung,crystal vision ua65cue70akl 6,65,71990,High-end,4K,67.78,0
Iffalcon,iff40s53 4,40,14990,Affordable,Full HD,55.07,0
Kodak,32hdx7xpro 3,32,9499,Budget,HD-Ready,48.97,0
Samsung,ua65aue70ak 6,65,84490,High-end,4K,67.78,0
Samsung,ua58aue70ak 5,58,49990,Mid-range,4K,75.96,0
Samsung,ua50aue70ak 5,50,44490,Mid-range,4K,88.12,0
Kodak,9xpro 429x5071 4,42,15499,Affordable,Full HD,52.45,0
Acer,i series ar32ar2841hdfl 3,32,17999,Affordable,HD-Ready,48.97,0
Acer,i series ar50ar2851udfl 5,50,28999,Affordable,4K,88.12,0
Acer,i series ar55ar2851udfl 5,55,35999,Mid-range,4K,80.11,0
Realme,smart tv neo 3,32,13999,Affordable,HD-Ready,48.97,0
Xiaomi,a series l32m8-5ain 3,32,12499,Affordable,HD-Ready,48.97,0
Thomson,oathpro max (65opmax9033) 6,65,39999,Mid-range,LED 4K,67.78,0
Thomson,50opmax9077 5,50,26999,Affordable,4K,88.12,0
Thomson,75 oathpro 2121 7,75,77999,High-end,4K,58.74,0
Thomson,65 oathpro 2020 6,65,53837,Mid-range,4K,67.78,0
Thomson,43 oathpro 2000 4,43,21999,Affordable,4K,102.46,0
Samsung,ua43cue60ak 4,43,33990,Mid-range,4K,102.46,0
Samsung,ua43aue60ak 4,43,33003,Mid-range,4K,102.46,0
Samsung,ua50aue60ak 5,50,40490,Mid-range,4K,88.12,0
Samsung,ua65cue60ak 6,65,69990,High-end,4K,67.78,0
Thomson,alpha 40alpha009bl 4,40,13999,Affordable,Full HD,55.07,0
Vu,65pm 6,65,57999,Mid-range,4K,67.78,0
Lg,55ur7500psc 5,55,43990,Mid-range,4K,80.11,0
Lg,65ur7500psc 6,65,61990,High-end,4K,67.78,0
Lg,50ur7500psc 5,50,40990,Mid-range,4K,88.12,0
Lg,43uq7500psf 4,43,31990,Mid-range,4K,102.46,0
Xiaomi,mi x pro (l55m8-5xin) 5,55,47999,Mid-range,LED 4K,80.11,0
Xiaomi,mi tv 5x 5,50,39999,Mid-range,4K,88.12,0
Sony,bravia kd-43x64l 4,43,40999,Mid-range,4K,102.46,0
Sony,bravia kd-55x74k 5,55,54990,Mid-range,4K,80.11,0
Acer,i series ar43ar2851udfl 4,43,23999,Affordable,4K,102.46,0
Thomson,43path4545bl 4,43,17999,Affordable,4K,102.46,0
Lg,32lm560bptc 3,32,17990,Affordable,HD-Ready,48.97,0
Lg,32lq643bpta 3,32,20990,Affordable,HD-Ready,48.97,0
Lg,55up7500ptz 5,55,55990,Mid-range,4K,80.11,0
Kodak,65ca0101 6,65,47999,Mid-range,4K,73.66,0
Kodak,ca pro 55caprogt5014 5,55,29499,Affordable,4K,80.11,0
Kodak,ca pro 50caprogt5012 5,50,25499,Affordable,4K,88.12,0
Kodak,ca pro 65capro5099 6,65,42999,Mid-range,4K,67.78,0
Kodak,55ca0909 5,55,29999,Affordable,4K,87.06,0
Kodak,75ca9099 7,75,89999,High-end,4K,58.74,0
Lg,65up7500ptz 6,65,69990,High-end,4K,67.78,0
Lg,65uq7500psf 6,65,69990,High-end,4K,67.78,0
Oneplus,65u1s 6,65,49999,Mid-range,4K,67.78,0
Adsun,a-3210s/f 3,32,8000,Budget,HD-Ready,48.97,0
Adsun,a-2400n 2,24,5650,Budget,HD-Ready,65.3,0
Kodak,43cap5022 4,43,23999,Affordable,4K,102.46,0
Motorola,43safhdm 4,43,24999,Affordable,Full HD,51.23,0
Motorola,32safhdm 3,32,13999,Affordable,HD-Ready,48.97,0
Adsun,a-2440s 2,24,6200,Budget,HD-Ready,65.3,0
Kodak,32hdx900s 3,32,7999,Budget,HD-Ready,48.97,0
Lg,32lq576bpsa 3,32,22990,Affordable,HD-Ready,48.97,0
Nokia,43tauhdn 4,43,32999,Mid-range,4K,102.46,0
Vu,50gloled 5,50,32999,Mid-range,4K,88.12,0
Vu,55gloled 5,55,36999,Mid-range,4K,80.11,0
Vu,65gloled 6,65,55999,Mid-range,4K,67.78,0
Acer,i series ar75ar2851udfl 7,75,89999,High-end,4K,58.74,0
Blaupunkt,cybersound g2 40csg7112 4,40,14999,Affordable,Full HD,55.07,0
Blaupunkt,cybersound g2 43csg7105 4,43,16999,Affordable,Full HD,51.23,0
Samsung,ua55aue60ak 5,55,44490,Mid-range,4K,80.11,0
Blaupunkt,cybersound 40csa7809 4,40,14999,Affordable,HD-Ready,39.18,0
Blaupunkt,32csa7101 3,32,9999,Budget,HD-Ready,48.97,0
Blaupunkt,cybersound g2 series 32csg7111 3,32,10799,Affordable,HD-Ready,48.97,0
Motorola,43sauhdmg 4,43,31990,Mid-range,4K,102.46,0
Motorola,55sauhdm 5,55,39999,Mid-range,4K,80.11,0
Motorola,50sauhdm 5,50,33999,Mid-range,4K,88.12,0
Motorola,65sauhdm 6,65,64999,High-end,4K,67.78,0
Samsung,ua32te40aak 3,32,18490,Affordable,HD-Ready,48.97,0
Realme,smart tv 3,32,15500,Affordable,Full HD,68.84,0
Acer,p series ar40ar2841fdfl 4,40,16999,Affordable,Full HD,55.07,0
Samsung,ua55cu8570u 5,55,71990,High-end,4K,80.11,0
Samsung,ua43cu8570u 4,43,50490,Mid-range,4K,102.46,0
Samsung,ua65cu8570u 6,65,107990,Premium,4K,67.78,0
Kodak,24hdx100s 2,24,5999,Budget,HD-Ready,65.3,0
Kodak,50uhdx7xprobl 5,50,25999,Affordable,4K,88.12,0
Kodak,55uhdx7xprobl 5,55,27999,Affordable,4K,80.11,0
Lg,43lm5650pta 4,43,28990,Affordable,Full HD,51.23,0
Thomson,phoenix q43h1110 4,43,20999,Affordable,4K,102.46,0
Thomson,q55h1001 5,55,26999,Affordable,4K,80.11,0
Tcl,43p635 4,43,23741,Affordable,4K,102.46,0
Tcl,65p635 pro 6,65,51999,Mid-range,4K,67.78,0
Tcl,50p635 pro 5,50,33990,Mid-range,4K,88.12,0
Tcl,75p635 pro 7,75,109990,Premium,4K,58.74,0
Tcl,65p635 6,65,49990,Mid-range,4K,67.78,0
Panasonic,th-43mx660dx 4,43,29990,Affordable,4K,102.46,0
Thomson,32path0011bl 3,32,11499,Affordable,HD-Ready,48.97,0
Tcl,32s65a 3,32,17999,Affordable,HD-Ready,48.97,0
Hisense,tornado 55a7k 5,55,41999,Mid-range,4K,80.11,0
Lg,55uq8020psb 5,55,46990,Mid-range,4K,80.11,0
Lg,43uq8020psb 4,43,34990,Mid-range,4K,102.46,0
Lg,65uq8020psb 6,65,69990,High-end,4K,67.78,0
Toshiba,43v35mp 4,43,22999,Affordable,Full HD,51.23,0
Toshiba,32v35mp 3,32,12999,Affordable,HD-Ready,48.97,0
Hisense,65a7h 6,65,63248,High-end,4K,67.78,0
Tcl,43p635 pro 4,43,27990,Affordable,4K,102.46,0
Tcl,75p635 7,75,69990,High-end,4K,58.74,0
Blaupunkt,cybersound g2 55csgt7023 5,55,29999,Affordable,4K,80.11,0
Tcl,32s5400 3,32,15990,Affordable,Full HD,68.84,0
Blaupunkt,cybersound g2 50csgt7022 5,50,25999,Affordable,4K,88.12,0
Toshiba,43c350mp 4,43,23999,Affordable,4K,102.46,0
Toshiba,75c350mp 7,75,79999,High-end,4K,58.74,0
Toshiba,55c350mp 5,55,32999,Mid-range,4K,80.11,0
Toshiba,50c350mp 5,50,29999,Affordable,4K,88.12,0
Toshiba,43c350lp 4,43,27999,Affordable,4K,102.46,0
Toshiba,50c350lp 5,50,33999,Mid-range,4K,88.12,0
Toshiba,55c350lp 5,55,38668,Mid-range,4K,80.11,0
Blaupunkt,cyber sound 65csa7030 6,65,47999,Mid-range,4K,67.78,0
Blaupunkt,43csa7070 4,43,24999,Affordable,4K,102.46,0
Hisense,55a6k 5,55,31999,Mid-range,4K,80.11,0
Hisense,43a6k 4,43,27999,Affordable,4K,102.46,0
Hisense,50a6k 5,50,29999,Affordable,4K,88.12,0
Hisense,50a6h 5,50,32990,Mid-range,4K,88.12,0
Hisense,50e7k 5,50,29999,Affordable,4K,88.12,0
Hisense,43e7k 4,43,28999,Affordable,4K,102.46,0
Dyanora,dy-ld24h0n 2,24,5999,Budget,HD-Ready,65.3,0
Motorola,43sauhdm 4,43,22499,Affordable,4K,102.46,0
Dyanora,sigma dy-ld24h1s 2,24,6999,Budget,HD-Ready,65.3,0
Dyanora,dy-ld43u0s 4,43,19499,Affordable,4K,102.46,0
Hisense,43a71f 4,43,27990,Affordable,4K,102.46,0
Hisense,65e7k 6,65,49999,Mid-range,4K,67.78,0
Samsung,ua43te50aak 4,43,32990,Mid-range,Full HD,51.23,0
Motorola,envision 55uhdadmxsbe 5,55,29999,Affordable,4K,80.11,0
Motorola,revou 2 32hdadmvvee 3,32,10999,Affordable,HD-Ready,48.97,0
Motorola,revou 2 55uhdadmvvge 5,55,30999,Mid-range,4K,80.11,0
Motorola,revou 2 50uhdadmvvge 5,50,27499,Affordable,4K,88.12,0
Panasonic,th-32ms660dx 3,32,14990,Affordable,HD-Ready,48.97,0
Panasonic,th-43ms660dx 4,43,27499,Affordable,HD-Ready,36.44,0
Xiaomi,mi tv q1 7,75,109999,Premium,4K,58.74,0
Lg,43lm5600ptc 4,43,32490,Mid-range,Full HD,51.23,0
Blaupunkt,quantum dot 43qd7050 4,43,21999,Affordable,4K,102.46,0
Blaupunkt,55qd7020 5,55,33999,Mid-range,4K,80.11,0
Vu,43ca 4,43,24999,Affordable,4K,102.46,0
Blaupunkt,50qd7010 5,50,28999,Affordable,4K,88.12,0
Blaupunkt,65qd7030 6,65,47999,Mid-range,4K,67.78,0
Xiaomi,mi tv q1 5,55,59999,Mid-range,4K,80.11,0
Motorola,envisionx 55uhdgqmbsgq 5,55,29999,Affordable,4K,80.11,0
Hisense,55u7h 5,55,54999,Mid-range,4K,80.11,0
Hisense,65u7h 6,65,76999,High-end,4K,67.78,0
Sony,bravia kd-55x80aj 5,55,65999,High-end,4K,80.11,0
Lg,43uq7550psf 4,43,34990,Mid-range,4K,102.46,0
Lg,55uq7550psf 5,55,47776,Mid-range,4K,80.11,0
Motorola,envisionx 65uhdgqmbsgq 6,65,43999,Mid-range,4K,67.78,0
Beethosol,ledstvbg3284hd27-dn 3,32,8049,Budget,HD-Ready,48.97,0
Dyanora,dy-ld50u1s 5,50,26499,Affordable,4K,88.12,0
Beethosol,ledsmtbg4389fhdz37-dn 4,43,15149,Affordable,Full HD,51.23,0
Beethosol,atvbg24hdek 2,24,5299,Budget,HD-Ready,65.3,0
Marq,24hdndqppab 2,24,5499,Budget,HD-Ready,65.3,0
Compaq,hueq x cqv55ax1ud 5,55,48999,Mid-range,4K,80.11,0
Compaq,hueq x cq4300fhdab 4,43,14999,Affordable,Full HD,51.23,0
Xiaomi,mi tv 4x 6,65,54999,Mid-range,4K,67.78,0
Hisense,75a6h 7,75,99999,High-end,4K,58.74,0
Motorola,envisionx 43fhdgdmbsxp 4,43,16999,Affordable,Full HD,51.23,0
Motorola,envisionx 40fhdgdmbsxp 4,40,18999,Affordable,Full HD,55.07,0
Motorola,envisionx 32hdgdmwsbe 3,32,11999,Affordable,HD-Ready,48.97,0
Sens,pikaso sens55wasuhd 5,55,25999,Affordable,4K,80.11,0
Sens,sens43wasuhd 4,43,19999,Affordable,4K,102.46,0
Sony,bravia kd-55x80j 5,55,74890,High-end,4K,80.11,0
Samsung,the frame qa65ls03bak 6,65,134990,Premium,4K,67.78,0
Samsung,the frame qa55ls03bak 5,55,99990,High-end,4K,80.11,0
Samsung,the frame qa50ls03bak 5,50,79990,High-end,4K,88.12,0
Tcl,43t6g 4,43,28990,Affordable,4K,102.46,0
Tcl,50t6g 5,50,33990,Mid-range,4K,88.12,0
Lg,43up7720pty 4,43,37070,Mid-range,4K,102.46,0
Toshiba,55m550lp 5,55,39999,Mid-range,4K,80.11,0
Toshiba,65m550lp 6,65,56999,Mid-range,4K,67.78,0
Hisense,70a71f 7,70,91999,High-end,4K,62.94,0
Acer,h series ar43ar2851udpro 4,43,36990,Mid-range,4K,102.46,0
Kodak,50mt5011 5,50,28999,Affordable,4K,88.12,0
Kodak,65mt5033 6,65,46999,Mid-range,4K,67.78,0
Lg,55up7720pty 5,55,51999,Mid-range,4K,80.11,0
Lg,65up7720pty 6,65,74990,High-end,4K,67.78,0
Thomson,43tm4377 4,43,27999,Affordable,4K,102.46,0
Acer,i series ar65gr2851udfl 6,65,50999,Mid-range,4K,67.78,0
Acer,i series ar75gr2851udfl 7,75,79999,High-end,4K,58.74,0
Marq,24hdcdqee1b 2,24,7099,Budget,HD-Ready,65.3,0
Marq,43fhdcdqee1b 4,43,15249,Affordable,Full HD,51.23,0
Beethosol,ledstvbg3273hd27-dn 3,32,8049,Budget,HD-Ready,48.97,0
Motorola,envisionx 43uhdgdmbsxp 4,43,22999,Affordable,4K,102.46,0
Sony,bravia kd-55x75k 5,55,60980,High-end,4K,80.11,0
Acer,v series ar50gr2851vqd 5,50,30999,Mid-range,4K,88.12,0
Tcl,55c715 5,55,54990,Mid-range,4K,80.11,0
Tcl,50c715 5,50,47759,Mid-range,4K,88.12,0
Motorola,envisionx 86uhdadmbs5e 8,86,119999,Premium,4K,51.23,0
Motorola,envisionx 70uhdgdmbs5e 7,70,59999,Mid-range,4K,62.94,0
Motorola,envisionx 65uhdgdmbsxp 6,65,41999,Mid-range,4K,67.78,0
Motorola,envisionx 50uhdgdmbsxp 5,50,24999,Affordable,4K,88.12,0
Motorola,55uhdgdmbsxp 5,55,31999,Mid-range,4K,80.11,0
Toshiba,55m550mp 5,55,50999,Mid-range,4K,80.11,0
Hisense,43u6k 4,43,24999,Affordable,4K,102.46,0
Tcl,43c645 4,43,32990,Mid-range,4K,102.46,0
Tcl,65c645 6,65,71990,High-end,4K,67.78,0
Tcl,50c645 5,50,35990,Mid-range,4K,88.12,0
Tcl,55c645 5,55,42990,Mid-range,4K,80.11,0
Sony,bravia kd-43x75k 4,43,47990,Mid-range,4K,102.46,0
Hisense,55u6k 5,55,39999,Mid-range,4K,80.11,0
Hisense,65u6k 6,65,56999,Mid-range,4K,67.78,0
Sony,bravia kd-65x7400h 6,65,76800,High-end,4K,67.78,0
Sansui,jsw55asuhd 5,55,34199,Mid-range,4K,80.11,0
Tcl,l43s6500fs 4,43,26732,Affordable,Full HD,51.23,0
Hisense,55e7k 5,55,34999,Mid-range,4K,80.11,0
Sansui,jsw50gsuhd 5,50,31999,Mid-range,4K,88.12,0
Foxsky,40fsfhs 4,40,12499,Affordable,Full HD,55.07,0
Tcl,55c635 5,55,49490,Mid-range,4K,80.11,0
Tcl,43c635 4,43,39210,Mid-range,Full HD,51.23,0
Sansui,jsw70gsuhdff 7,70,69999,High-end,4K,62.94,0
Sens,32wcshd 3,32,7499,Budget,HD-Ready,48.97,0
Samsung,qa50ls03aak 5,50,75990,High-end,4K,88.12,0
Tcl,50c635 5,50,44990,Mid-range,4K,88.12,0
Motorola,43uhdadmrs3p 4,43,29999,Affordable,4K,102.46,0
Tcl,65t6g 6,65,54990,Mid-range,4K,67.78,0
Samsung,qa55qe1cakl 5,55,65990,High-end,4K,80.11,0
Acer,ar43gt2851udfl 4,43,24999,Affordable,4K,102.46,0
Infinix,55w1 5,55,37999,Mid-range,4K,80.11,0
Infinix,65w1 6,65,47999,Mid-range,4K,67.78,0
Tcl,85p745 8,85,157990,Premium,4K,51.83,0
Iffalcon,iff43q73 4,43,22999,Affordable,4K,102.46,0
Iffalcon,iff50q73 5,50,31999,Mid-range,4K,88.12,0
Motorola,65uhdadmrs7p 6,65,54999,Mid-range,4K,67.78,0
Tcl,55p615 5,55,36399,Mid-range,4K,80.11,0
Tcl,50p715 5,50,45000,Mid-range,4K,88.12,0
Iffalcon,iff55q73 5,55,33999,Mid-range,4K,80.11,0
Iffalcon,iff65q73 6,65,49999,Mid-range,4K,67.78,0
Sony,bravia kd-55x80k 5,55,73990,High-end,4K,80.11,0
Sony,bravia kd-65x80k 6,65,94990,High-end,4K,67.78,0
Sony,bravia kd-43x80k 4,43,62990,High-end,4K,102.46,0
Sony,bravia kd-50x80k 5,50,75990,High-end,4K,88.12,0
Sony,bravia xr-55x90k 5,55,104490,Premium,4K,80.11,0
Sony,bravia xr-75x90k 7,75,249990,Luxury,4K,58.74,1
Croma,crel032hof024601 3,32,12990,Affordable,HD-Ready,48.97,0
Sony,bravia kd-55x75l 5,55,61999,High-end,4K,80.11,0
Foxsky,32fsn 3,32,6999,Budget,Full HD,48.97,0
Sony,bravia klv-43w672g 4,43,43200,Mid-range,Full HD,51.23,0
Hisense,65u7k 6,65,84999,High-end,LED 4K,67.78,0
Kodak,32se5001bl 3,32,8499,Budget,HD-Ready,48.97,0
Kodak,24se5002 2,24,6399,Budget,HD-Ready,65.3,0
Sansui,jsw40asfhd 4,40,18999,Affordable,Full HD,55.07,0
Lg,65nano73sqa 6,65,75990,High-end,4K,67.78,0
Sony,bravia kd-65x75l 6,65,79990,High-end,4K,67.78,0
Toshiba,55m650mp 5,55,49999,Mid-range,LED 4K,80.11,0
Toshiba,65m650mp 6,65,64999,High-end,LED 4K,67.78,0
Sony,bravia kd-43x80j 4,43,57990,Mid-range,4K,102.46,0
Sony,bravia kd-65x80j 6,65,94990,High-end,4K,67.78,0
Lg,43nano73tpz 4,43,38999,Mid-range,4K,102.46,0
Foxsky,43fs-vs 4,43,14999,Affordable,Full HD,51.23,0
Acer,i series ar43gr2841fdfl 4,43,20999,Affordable,Full HD,51.23,0
Nu,led43fwa1 4,43,22990,Affordable,Full HD,51.23,0
Nu,led32hwa1 3,32,10990,Affordable,HD-Ready,48.97,0
Lg,55nano73sqa 5,55,87990,High-end,4K,80.11,0
Hisense,43a4g 4,43,21990,Affordable,Full HD,51.23,0
Hisense,32a4g 3,32,13999,Affordable,HD-Ready,48.97,0
Motorola,envisionx 55uhdgqmws5q 5,55,34999,Mid-range,4K,80.11,0
Toshiba,50m550mp 5,50,54999,Mid-range,4K,88.12,0
Nu,led43uwa1 4,43,18990,Affordable,4K,102.46,0
Cooaa,32z72 3,32,10499,Affordable,HD-Ready,48.97,0
Cooaa,43z72 4,43,16999,Affordable,Full HD,51.23,0
Sony,bravia kd-43x75l 4,43,46540,Mid-range,4K,102.46,0
Foxsky,50fs-vs 5,50,21999,Affordable,4K,88.12,0
Foxsky,65fs-vs 6,65,39999,Mid-range,4K,67.78,0
Blaupunkt,40sigma703bl 4,40,13999,Affordable,Full HD,55.07,0
Blaupunkt,24sigma707 2,24,6499,Budget,HD-Ready,65.3,0
Sony,bravia kd-32w830k 3,32,26990,Affordable,HD-Ready,48.97,0
Sansui,jsw55gsqled 5,55,38990,Mid-range,4K,80.11,0
Onida,32iv 3,32,13409,Affordable,HD-Ready,48.97,0
Lg,oled48a2psa 4,48,119999,Premium,4K,91.79,0
Sony,bravia xr-55a80k 5,55,152990,Premium,4K,80.11,0
Onida,nexg 43uig 4,43,22999,Affordable,4K,102.46,0
Sansui,jsw65gsqled 6,65,56999,Mid-range,4K,67.78,0
Acer,h pro series ar50gr2851udpro 5,50,29999,Affordable,4K,88.12,0
Xiaomi,oled vision 5,55,74999,High-end,4K,80.11,0
Sony,bravia kd-43x75 4,43,44990,Mid-range,4K,102.46,0
Acer,h pro series ar43gr2851udpro 4,43,24999,Affordable,4K,102.46,0
Acer,h pro series ar55gr2851udpro 5,55,33999,Mid-range,4K,80.11,0
Sony,bravia kd-50x75l 5,50,57940,Mid-range,4K,88.12,0
Sony,bravia kd-65x82l 6,65,104490,Premium,4K,67.78,0
Sony,bravia kd-75x82l 7,75,147240,Premium,4K,58.74,0
Sony,bravia kd-32w830 3,32,29500,Affordable,HD-Ready,48.97,0
Haier,le43w4000 4,43,23990,Affordable,Full HD,51.23,0
Lg,oled55a2psa 5,55,94990,High-end,4K,80.11,0
Sony,bravia kd-50x75 5,50,56890,Mid-range,4K,88.12,0
Hisense,75u7k 7,75,159999,Premium,LED 4K,58.74,0
Hisense,55u7k 5,55,59999,Mid-range,LED 4K,80.11,0
Dyanora,dy-ld43f1s 4,43,13999,Affordable,Full HD,51.23,0
Cooaa,43y72 4,43,21999,Affordable,4K,102.46,0
Cooaa,65y72 6,65,42999,Mid-range,4K,67.78,0
Cooaa,50s3n 5,50,22999,Affordable,4K,88.12,0
Dyanora,au series dy-ld32h1s 3,32,10999,Affordable,HD-Ready,48.97,0
Foxsky,24fsns 2,24,5499,Budget,Full HD,91.79,0
Sony,bravia kdl-43w6600 4,43,40839,Mid-range,Full HD,51.23,0
Samsung,qa55ls01tak 5,55,88990,High-end,4K,80.11,0
Croma,crel055usa024601 5,55,28990,Affordable,4K,80.11,0
Tcl,32s5200 3,32,15150,Affordable,HD-Ready,48.97,0
Xelectron,24stv 2,24,5999,Budget,HD-Ready,65.3,0
Xelectron,32stv 3,32,7499,Budget,HD-Ready,48.97,0
Tcl,65c725 6,65,78990,High-end,4K,67.78,0
Tcl,55c725 5,55,40990,Mid-range,4K,80.11,0
Lg,oled55a3psa 5,55,99990,High-end,4K,80.11,0
Lg,oled65a3psa 6,65,159990,Premium,4K,67.78,0
Sansui,jsk43lsfhd 4,43,19999,Affordable,Full HD,51.23,0
Candy,ca43u50led 4,43,24990,Affordable,4K,102.46,0
Candy,ca55u50led 5,55,32990,Mid-range,4K,80.11,0
Candy,ca50u50led 5,50,29990,Affordable,4K,88.12,0
Lg,oled48a3psa 4,48,79990,High-end,4K,91.79,0
Lg,32lk526bpta 3,32,19900,Affordable,HD-Ready,48.97,0
Sansui,jsy24nshd 2,24,7999,Budget,HD-Ready,65.3,0
Samsung,ua32t4350ak 3,32,21790,Affordable,HD-Ready,48.97,0
Adsun,a-4300s/f 4,43,23899,Affordable,Full HD,51.23,0
Samsung,ua32t4050ar 3,32,17290,Affordable,HD-Ready,48.97,0
Xelectron,32xetv 3,32,8999,Budget,HD-Ready,48.97,0
Xelectron,43xetv 4,43,18999,Affordable,4K,102.46,0
Tcl,65c635 6,65,164990,Premium,4K,67.78,0
Onida,nexg 32hit 3,32,11999,Affordable,HD-Ready,48.97,0
Sony,bravia kd-43x70l 4,43,43690,Mid-range,4K,102.46,0
Dyanora,omega dy-ld65u2s-001 6,65,46999,Mid-range,4K,67.78,0
Dyanora,dy-ld40h3s 4,40,13499,Affordable,HD-Ready,39.18,0
Croma,crel040fof024601 4,40,20990,Affordable,Full HD,55.07,0
Lg,43lm6360ptb 4,43,43000,Mid-range,Full HD,51.23,0
Dyanora,sigma dy-ld43f4s 4,43,14499,Affordable,Full HD,51.23,0
Samsung,ua32t4410ak 3,32,20690,Affordable,HD-Ready,48.97,0
Samsung,qa55qn90aak 5,55,119990,Premium,4K,80.11,0
Philips,43pft6815/94 4,43,26989,Affordable,Full HD,51.23,0
Sony,bravia xr-65x90j 6,65,139990,Premium,4K,67.78,0
Samsung,ua43t5350ak 4,43,34990,Mid-range,Full HD,51.23,0
Acer,w series ar55ar2851qd 5,55,46999,Mid-range,4K,80.11,0
Sony,bravia kd-55x85j 5,55,79990,High-end,4K,80.11,0
Tcl,43s5200 4,43,22401,Affordable,Full HD,51.23,0
Sony,bravia kd-65x85j 6,65,175640,Premium,4K,67.78,1
Tcl,55p725 5,55,39988,Mid-range,4K,80.11,0
Haier,le43k6600uga 4,43,33999,Mid-range,4K,102.46,0
Haier,l43eg 4,43,32990,Mid-range,4K,102.46,0
Haier,l55eg 5,55,44990,Mid-range,4K,80.11,0
Tcl,l65p2mus 6,65,79999,High-end,4K,67.78,0
Haier,l65eg 6,65,64990,High-end,4K,67.78,0
Power,guard pg32n 3,32,7499,Budget,HD-Ready,48.97,0
Hyundai,smthy32hdb52yw 3,32,11490,Affordable,HD-Ready,48.97,0
Sony,bravia kd-50x80l 5,50,75990,High-end,4K,88.12,0
Sony,bravia kd-43x80l 4,43,66490,High-end,4K,102.46,0
Toshiba,55u7980 5,55,48999,Mid-range,4K,80.11,0
Sony,bravia kd-50x70l 5,50,55090,Mid-range,4K,88.12,0
Power,guard pg32s1 3,32,9499,Budget,HD-Ready,48.97,0
Samsung,ua32t4310ak 3,32,20290,Affordable,HD-Ready,48.97,0
Tcl,65p615 6,65,58990,Mid-range,4K,67.78,0
Sony,bravia kd-85x80l 8,85,284990,Luxury,4K,51.83,1
Lg,oled55cxpta 5,55,121864,Premium,4K,80.11,0
Tcl,55c755 5,55,79990,High-end,Mini LED 4K,80.11,0
Tcl,75c755 7,75,159990,Premium,Mini LED 4K,58.74,0
Dyanora,dy-ld43f2s 4,43,15499,Affordable,Full HD,51.23,0
Lloyd,50qs850e 5,50,38990,Mid-range,4K,88.12,0
Lloyd,43qs850e 4,43,29999,Affordable,4K,102.46,0
Lloyd,55qs850e 5,55,44990,Mid-range,4K,80.11,0
Croma,crel7365 4,43,23990,Affordable,Full HD,51.23,0
Tcl,85c755 8,85,259990,Luxury,Mini LED 4K,51.83,1
Tcl,65c755 6,65,109990,Premium,Mini LED 4K,67.78,0
Sony,bravia xr-65x90l 6,65,156740,Premium,4K,67.78,0
Sony,bravia xr-75x90l 7,75,251740,Luxury,4K,58.74,1
Sony,bravia xr-55x90l 5,55,118740,Premium,4K,80.11,0
Samsung,ua43t5450ak 4,43,26990,Affordable,Full HD,51.23,0
Sony,bravia kd-55x9000h 5,55,94147,High-end,4K,80.11,0
Power,guard pg43fsvc 4,43,18999,Affordable,Full HD,51.23,0
Power,guard pg55f4k 5,55,31899,Mid-range,4K,80.11,0
Power,guard pg50f4k 5,50,26999,Affordable,4K,88.12,0
Detel,di55ska 5,55,89999,High-end,4K,80.11,0
Marq,32hdgdqbsxp 3,32,9999,Budget,HD-Ready,48.97,0
Candy,ca6560cqled 6,65,52990,Mid-range,4K,67.78,0
Lg,43um7790pta 4,43,41990,Mid-range,4K,102.46,0
Candy,ca43c9 4,43,17990,Affordable,Full HD,51.23,0
Sony,bravia xr-65a95k 6,65,309990,Luxury,4K,67.78,1
Samsung,ua32n4000ak 3,32,13633,Affordable,HD-Ready,48.97,0
Samsung,ua32n4003ar 3,32,13633,Affordable,HD-Ready,48.97,0
Lg,oled65bxpta 6,65,183080,Premium,4K,67.78,1
Hyundai,uhdhy55wsr4byi5 5,55,35999,Mid-range,4K,80.11,0
Lg,32lq636bpsa 3,32,21400,Affordable,HD-Ready,48.97,0
Lg,55nano80tna 5,55,54990,Mid-range,4K,80.11,0
Vu,75-qdv 7,75,98141,High-end,4K,58.74,0
Lg,32lq570bpsa 3,32,16490,Affordable,HD-Ready,48.97,0
Lg,55lh600t 5,55,84490,High-end,Full HD,40.05,0
Hyundai,smthy43fhdb52vryvt 4,43,17990,Affordable,Full HD,51.23,0
Lg,50um7700pta 5,50,54999,Mid-range,4K,88.12,0
Lg,55sk8500pta 5,55,112011,Premium,4K,80.11,0
Lg,oled55c2psc 5,55,119990,Premium,EVO 4K,80.11,0
Lg,oled42c2psa 4,42,87990,High-end,4K,104.9,0
Lg,55nano86tna 5,55,81800,High-end,4K,80.11,0
Nokia,65cauhdn 6,65,64999,High-end,4K,67.78,0
Samsung,ua55tu8000k 5,55,54990,Mid-range,4K,80.11,0
Lg,32lm576bptc 3,32,23247,Affordable,HD-Ready,48.97,0
Lg,oled48c2psa 4,48,94891,High-end,4K,91.79,0
Lg,43up7740ptz 4,43,36990,Mid-range,4K,102.46,0
Sansui,jsw70asuhdff 7,70,65402,High-end,4K,62.94,0
Lg,oled55b9pta 5,55,125990,Premium,4K,80.11,0
Lg,oled55c9pta 5,55,149999,Premium,4K,80.11,0
Samsung,ua32n4100ar 3,32,13633,Affordable,HD-Ready,48.97,0
Samsung,ua49nu7100k 4,49,64499,High-end,4K,89.91,0
Samsung,ua43au7600k 4,43,39990,Mid-range,4K,102.46,0
Lloyd,32ws550e 3,32,19999,Affordable,HD-Ready,48.97,0
Sony,bravia kd-43w880k 4,43,40990,Mid-range,Full HD,51.23,0
Lg,oled55c8pta 5,55,156999,Premium,4K,80.11,0
Imee,premium 32s 3,32,9399,Budget,HD-Ready,48.97,0
Onida,55uiv 5,55,36999,Mid-range,4K,80.11,0
Power,guard pg32gtv 3,32,10999,Affordable,HD-Ready,48.97,0
Samsung,qa75qn90cak 7,75,429990,Luxury,4K,58.74,1
Samsung,qa65qn90cak 6,65,239990,Luxury,QLED 4K,67.78,1
Samsung,qa50qn90cak 5,50,141990,Premium,QLED 4K,88.12,0
Samsung,qa55qn90cak 5,55,177990,Premium,QLED 4K,80.11,1
Samsung,qa65qn85cak 6,65,214990,Luxury,QLED 4K,67.78,1
Samsung,qa85qn90cak 8,85,634990,Luxury,QLED 4K,51.83,1
Samsung,qa65qn90aak 6,65,179990,Premium,4K,67.78,1
Lg,65nano86tna 6,65,102837,Premium,4K,67.78,0
Samsung,ua43au8000k 4,43,43215,Mid-range,4K,102.46,0
Lg,oled65cxpta 6,65,169990,Premium,4K,67.78,0
Samsung,ua32t4360ak 3,32,17990,Affordable,HD-Ready,48.97,0
Samsung,ua43au7700k 4,43,36990,Mid-range,4K,102.46,0
Lg,55uk6500ptc 5,55,104990,Premium,4K,80.11,0
Samsung,ua55au7600k 5,55,47990,Mid-range,4K,80.11,0
Sony,bravia xr-65a80l 6,65,251740,Luxury,4K,67.78,1
Lg,55nano91tna 5,55,140520,Premium,4K,80.11,0
Vu,65ca 6,65,39999,Mid-range,4K,67.78,0
Lg,55uq8040psb 5,55,50999,Mid-range,4K,80.11,0
Samsung,ua43au9070ul 4,43,46065,Mid-range,4K,102.46,0
Lg,49nano80tna 4,49,54990,Mid-range,4K,89.91,0
Micromax,32 binge box 3,32,11990,Affordable,HD-Ready,48.97,0
Sony,bravia xr-83a80l 8,83,617490,Luxury,4K,53.08,1
Tcl,65c825 6,65,89990,High-end,4K,67.78,0
Lg,oled55b8pta 5,55,159999,Premium,4K,80.11,0
Samsung,ua55nu7470u 5,55,111490,Premium,4K,80.11,0
Lg,55up7740ptz 5,55,49990,Mid-range,4K,80.11,0
Lg,43up7550ptz 4,43,36990,Mid-range,4K,102.46,0
Lg,oled55g1ptz 5,55,144990,Premium,4K,80.11,0
Samsung,qa55q60rak 5,55,121999,Premium,4K,80.11,0
Samsung,qa55q60tak 5,55,92990,High-end,4K,80.11,0
Lg,43uq8040psb 4,43,39990,Mid-range,4K,102.46,0
Samsung,qa85qn90bak 8,85,729990,Luxury,QLED 4K,51.83,1
Samsung,qa75qn90bak 7,75,489990,Luxury,QLED 4K,58.74,1
Samsung,qa50qn90bak 5,50,114990,Premium,QLED 4K,88.12,0
Samsung,qa65qn90bak 6,65,254990,Luxury,QLED 4K,67.78,1
Samsung,ua55au8000k 5,55,51990,Mid-range,4K,80.11,0
Zebronics,zeb-32p2 3,32,11999,Affordable,HD-Ready,48.97,0
Zebronics,zeb-32p1 3,32,10999,Affordable,HD-Ready,48.97,0
Adsun,c-3200sf/s 3,32,9475,Budget,HD-Ready,48.97,0
Zebronics,zeb-55w2 5,55,33490,Mid-range,4K,80.11,0
Lg,55up8000ptz 5,55,52095,Mid-range,4K,80.11,0
Bpl,43f-a4301 4,43,22490,Affordable,Full HD,51.23,0
Lg,24lp520v 2,24,13835,Affordable,Full HD,91.79,0
Lg,32lq6360psa 3,32,24990,Affordable,Full HD,68.84,0
Samsung,ua32t4390ak 3,32,16990,Affordable,4K,137.68,0
Samsung,ua43bu8000k 4,43,49990,Mid-range,4K,102.46,0
Samsung,qa65qn85bak 6,65,234990,Luxury,QLED 4K,67.78,1
Samsung,qa55qn85bak 5,55,169990,Premium,QLED 4K,80.11,0
Samsung,ua43au7500k 4,43,33890,Mid-range,4K,102.46,0
Panasonic,viera th-55fx600d 5,55,69999,High-end,4K,80.11,0
Samsung,ua49nu8000k 4,49,97990,High-end,4K,89.91,0
Samsung,ua55bu8000k 5,55,75990,High-end,4K,80.11,0
Cellecor,32cs 3,32,10899,Affordable,Full HD,68.84,0
Cellecor,24cs 2,24,6444,Budget,HD-Ready,65.3,0
Cellecor,40cs 4,40,16199,Affordable,Full HD,55.07,0
Candy,c43ka66 4,43,13999,Affordable,Full HD,51.23,0
Oneplus,y1s edge 3,32,15999,Affordable,HD-Ready,48.97,0
Cellecor,e32x 3,32,10499,Affordable,Full HD,68.84,0
Croma,crel043uoa024601 4,43,31990,Mid-range,4K,102.46,0
Samsung,ua32t4600ak 3,32,22490,Affordable,HD-Ready,48.97,0
Panasonic,th-32ms550dx 3,32,15670,Affordable,HD-Ready,48.97,0
Tcl,55c835 5,55,119990,Premium,4K,80.11,0
Samsung,ua50ku6000k 5,50,103990,Premium,4K,88.12,0
Candy,ca65u50led 6,65,47490,Mid-range,4K,67.78,0
Akai,aklt32s-dfl9w 3,32,24990,Affordable,HD-Ready,48.97,0
Samsung,qa50q60aak 5,50,64990,High-end,4K,88.12,0
Croma,crel7368 5,55,38990,Mid-range,4K,80.11,0
Lg,oled65c9pta 6,65,262999,Luxury,4K,67.78,1
Tcl,s series 32s5403a 3,32,16490,Affordable,HD-Ready,48.97,0
Samsung,ua55au7700k 5,55,56990,Mid-range,4K,80.11,0
Samsung,qa55q7fnak 5,55,109999,Premium,4K,80.11,0
Samsung,ua65nu7470u 6,65,159500,Premium,4K,67.78,0
Lg,50uq8040psb 5,50,47990,Mid-range,4K,88.12,0
Lloyd,43fs550c 4,43,28990,Affordable,Full HD,51.23,0
Samsung,qa55qn95bak 5,55,214990,Luxury,QLED 4K,80.11,1
Samsung,qa65qn95bak 6,65,289990,Luxury,QLED 4K,67.78,1
Croma,crel7367 5,50,31990,Mid-range,4K,88.12,0
Samsung,ua43t5500ak 4,43,37990,Mid-range,Full HD,51.23,0
Onida,nexg 75uig 7,75,78999,High-end,4K,58.74,0
Samsung,qa55q80bak 5,55,135990,Premium,4K,80.11,0
Lg,32lm6360ptb 3,32,19999,Affordable,HD-Ready,48.97,0
Samsung,qa43q60aak 4,43,47990,Mid-range,4K,102.46,0
Lg,75um7600pta 7,75,188999,Premium,4K,58.74,1
Samsung,qa65q70rak 6,65,224999,Luxury,4K,67.78,1
Lg,55uq9000psd 5,55,59990,Mid-range,4K,80.11,0
Lg,65nano83tpz 6,65,99900,High-end,4K,67.78,0
Lg,55nano83tpz 5,55,73217,High-end,4K,80.11,0
Samsung,ua50au7700k 5,50,49490,Mid-range,4K,88.12,0
Samsung,qa85qn900ck 8,85,1224990,Luxury,QLED 8K UHD,103.67,1
Samsung,qa50q60bak 5,50,75990,High-end,4K,88.12,0
Samsung,ua75nu8000k 7,75,374990,Luxury,4K,58.74,1
Lg,lx1 pose 48lx1qpsa 4,48,104990,Premium,EVO 4K,91.79,0
Samsung,qa55q60bak 5,55,90990,High-end,4K,80.11,0
Samsung,ua43t5770au 4,43,38990,Mid-range,Full HD,51.23,0
Acer,ar32gt2841hdfl 3,32,13499,Affordable,HD-Ready,48.97,0
Lg,oled65c2psc 6,65,179990,Premium,EVO 4K,67.78,1
Imee,elite 32sfl 3,32,11609,Affordable,HD-Ready,48.97,0
Sony,bravia kd-85x85k 8,85,309990,Luxury,4K,51.83,1
Lg,oled55b2psa 5,55,114990,Premium,4K,80.11,0
Bpl,32h-a4301 3,32,13225,Affordable,HD-Ready,48.97,0
Haier,le32k6200ga 3,32,18490,Affordable,HD-Ready,48.97,0
Samsung,ua55au7500k 5,55,48990,Mid-range,4K,80.11,0
Lg,55un7190pta 5,55,70200,High-end,4K,80.11,0
Lg,oled65gxpta 6,65,209990,Luxury,4K,67.78,1
Lg,65uk7500pta 6,65,102060,Premium,4K,67.78,0
Iffalcon,55h82 5,55,86490,High-end,4K,80.11,0
Samsung,ua65bu8570u 6,65,120990,Premium,4K,67.78,0
Samsung,ua32t4900ak 3,32,25490,Affordable,HD-Ready,48.97,0
Lloyd,32hs451c 3,32,15950,Affordable,HD-Ready,48.97,0
Samsung,qa65q8cnak 6,65,469900,Luxury,4K,67.78,1
T-series,tx-24bis 2,24,6990,Budget,HD-Ready,65.3,0
Samsung,ua75tu8000k 7,75,174990,Premium,4K,58.74,1
Acer,ar55gt2851udfl 5,55,37490,Mid-range,4K,80.11,0
Haier,l43fg 4,43,24990,Affordable,4K,102.46,0
Samsung,qa55s90cak 5,55,144990,Premium,4K,80.11,0
Lg,oled48c1ptz 4,48,94990,High-end,4K,91.79,0
Lg,55up7550ptz 5,55,49990,Mid-range,4K,80.11,0
Samsung,qa55q8cnak 5,55,274900,Luxury,4K,80.11,1
Samsung,qa65q60rak 6,65,198599,Premium,4K,67.78,1
Lg,43ur7790psa 4,43,42990,Mid-range,4K,102.46,0
Haier,65e9 6,65,70990,High-end,4K,67.78,0
Samsung,qa75qn800ck 7,75,709990,Luxury,QLED 8K UHD,117.49,1
Haier,le43a9000 4,43,30990,Mid-range,4K,102.46,0
Lg,65uq8040psb 6,65,73990,High-end,4K,67.78,0
Panasonic,viera th-43jx660dx 4,43,41490,Mid-range,4K,102.46,0
Lg,oled65g2psa 6,65,219990,Luxury,EVO 4K,67.78,1
Samsung,ua32t4450ak 3,32,22190,Affordable,HD-Ready,48.97,0
Samsung,qa55qn85aak 5,55,89990,High-end,4K,80.11,0
Lg,oled55b1ptz 5,55,114990,Premium,4K,80.11,0
Samsung,qa65q60tak 6,65,109990,Premium,4K,67.78,0
Aiwa,magnifiq av32hdx1 3,32,10790,Affordable,Full HD,68.84,0
Lg,55nano80sqa 5,55,64990,High-end,4K,80.11,0
Hisense,75u80g 7,75,349990,Luxury,8K UHD,117.49,1
Samsung,ua75au8000k 7,75,134990,Premium,4K,58.74,0
Samsung,ua55mu6470u 5,55,106990,Premium,4K,80.11,0
Toshiba,85z670mp 8,85,249999,Luxury,4K,51.83,1
Haier,l55fg 5,55,34990,Mid-range,4K,80.11,0
Samsung,ua70cu7700k 7,70,108990,Premium,4K,62.94,0
Lloyd,75qx900d 7,75,114999,Premium,4K,58.74,0
Lloyd,32hs551d 3,32,16999,Affordable,HD-Ready,48.97,0
Lg,65uq9000psd 6,65,84990,High-end,4K,67.78,0
Samsung,qa65q70bak 6,65,179990,Premium,4K,67.78,1
Samsung,qa65q80bak 6,65,207990,Luxury,4K,67.78,1
Panasonic,th-32ms670dx 3,32,17780,Affordable,HD-Ready,48.97,0
Lloyd,43ux900d 4,43,34889,Mid-range,4K,102.46,0
Samsung,qa65s90cak 6,65,229990,Luxury,4K,67.78,1
Samsung,ua43cu7700k 4,43,47400,Mid-range,4K,102.46,0
Bpl,55u-a4310 5,55,36490,Mid-range,4K,80.11,0
Lg,oled65b2psa 6,65,199990,Premium,4K,67.78,1
Imee,supreme 32sflcs 3,32,14299,Affordable,HD-Ready,48.97,0
Haier,le65k6600hqga 6,65,108990,Premium,4K,67.78,0
Vise,vs32hga4b 3,32,13990,Affordable,HD-Ready,48.97,0
Lg,43uq7350pta 4,43,34990,Mid-range,4K,102.46,0
Panasonic,th-55mx700dx 5,55,50800,Mid-range,4K,80.11,0
Panasonic,th-43mx700dx 4,43,36890,Mid-range,4K,102.46,0
Lloyd,32hs550e 3,32,14490,Affordable,HD-Ready,48.97,0
Samsung,ua50cu7700k 5,50,57900,Mid-range,4K,88.12,0
Aiwa,magnifiq as32hdx1 3,32,13110,Affordable,HD-Ready,48.97,0
Samsung,the serif qa55ls01bakl 5,55,69990,High-end,4K,80.11,0
Samsung,qa65s95cak 6,65,267490,Luxury,4K,67.78,1
Lg,70uq8040psb 7,70,93990,High-end,4K,62.94,0
Feltron,ft-3209(sfl) 3,32,7899,Budget,LED HD-Ready,48.97,0
T-series,32two 300h 3,32,11990,Affordable,HD-Ready,48.97,0
Samsung,ua60bu8000k 6,60,81990,High-end,4K,73.43,0
Haier,le50k7700hqga 5,50,43200,Mid-range,4K,88.12,0
Samsung,ua32t4350bk 3,32,18990,Affordable,HD-Ready,48.97,0
Samsung,qa65qn85aak 6,65,159990,Premium,4K,67.78,0
Lg,75up8000ptz 7,75,119990,Premium,4K,58.74,0
Lg,oled65g1ptz 6,65,219990,Luxury,4K,67.78,1
Samsung,ua65au7700k 6,65,69990,High-end,4K,67.78,0
Samsung,ua65au7500k 6,65,90990,High-end,4K,67.78,0
Salora,slv-4501su 5,50,33999,Mid-range,4K,88.12,0
Xiaomi,mi tv 4 5,55,39999,Mid-range,4K,80.11,0
Hyundai,uhdhy43wsr4byi5 4,43,25999,Affordable,4K,102.46,0
Samsung,ua43aue70ak 4,43,34903,Mid-range,4K,102.46,0
Samsung,ua55aue70ak 5,55,48490,Mid-range,4K,80.11,0
Samsung,qa55qn85cak 5,55,159990,Premium,QLED 4K,80.11,0
Sony,bravia kd-75x80k 7,75,144990,Premium,4K,58.74,0
Sony,bravia kd-65x75k 6,65,79990,High-end,4K,67.78,0
Sony,bravia kd-55x82l 5,55,75890,High-end,4K,80.11,0
Sony,bravia kd-50x75k 5,50,54008,Mid-range,4K,88.12,0
Sony,bravia xr-65a80k 6,65,199990,Premium,4K,67.78,1
Sony,bravia xr-65x90k 6,65,144990,Premium,4K,67.78,0
Samsung,the frame qa75ls03bak 7,75,309990,Luxury,4K,58.74,1
Samsung,the frame qa43ls03bak 4,43,65990,High-end,4K,102.46,0
Tcl,55p635 pro 5,55,38990,Mid-range,4K,80.11,0
Sony,bravia kd-50x64l 5,50,50999,Mid-range,4K,88.12,0
Samsung,ua43te50fak 4,43,32990,Mid-range,Full HD,51.23,0
Xiaomi,smart tv 5a 3,32,12999,Affordable,HD-Ready,48.97,0
Xiaomi,mi tv 4a 4,40,19999,Affordable,Full HD,55.07,0
Xiaomi,a series l43m8-5ain 4,43,24999,Affordable,Full HD,51.23,0
Xiaomi,a series l40m8-5ain 4,40,19999,Affordable,Full HD,55.07,0
Lg,70ut80506la 7,70,119990,Premium,4K,62.94,0
Lg,43ut80506la 4,43,46990,Mid-range,4K,102.46,0
Lg,65ut80506la 6,65,95990,High-end,4K,67.78,0
Lg,55ut80506la 5,55,63990,High-end,4K,80.11,0
Lg,50ut80506la 5,50,53990,Mid-range,4K,88.12,0
Lg,75ut80506la 7,75,149990,Premium,4K,58.74,0
Tcl,55p755 pro 5,55,44990,Mid-range,4K,80.11,0
Tcl,50p755 5,50,37990,Mid-range,4K,88.12,0
Tcl,75p755 pro 7,75,119990,Premium,4K,58.74,0
Tcl,65p755 pro 6,65,69990,High-end,4K,67.78,0
Tcl,55c655 5,55,47990,Mid-range,4K,80.11,0
Lg,75ut90506lb 7,75,169990,Premium,4K,58.74,0
Lg,55ut90506lb 5,55,67990,High-end,4K,80.11,0
Lg,43ut90506lb 4,43,54990,Mid-range,4K,102.46,0
Lg,65ut90506lb 6,65,109990,Premium,4K,67.78,0
Tcl,55p655 5,55,40990,Mid-range,4K,80.11,0
Tcl,43p755 4,43,31990,Mid-range,4K,102.46,0
Tcl,43c655 4,43,34990,Mid-range,4K,102.46,0
Xiaomi,a series l32ma-ain 3,32,12999,Affordable,HD-Ready,48.97,0
Tcl,50c655 5,50,39990,Mid-range,4K,88.12,0
Beethosol,ledtzbg4362uhd37-dn 4,43,23999,Affordable,4K,102.46,0
Beethosol,ledtzbg5563uhd37-dn 5,55,35990,Mid-range,4K,80.11,0
Samsung,ua98du9000u 9,98,549900,Luxury,4K,44.96,1
Toshiba,75c350np 7,75,84999,High-end,4K,58.74,0
Tcl,32s5500af 3,32,13890,Affordable,Full HD,68.84,0
Croma,crel055ugd0307601 5,55,49990,Mid-range,4K,80.11,0
Toshiba,55c450me 5,55,38999,Mid-range,4K,80.11,0
Tcl,43c69b 4,43,32990,Mid-range,4K,102.46,0
Toshiba,50c450me 5,50,33999,Mid-range,4K,88.12,0
Tcl,55c69b 5,55,45990,Mid-range,4K,80.11,0
Motorola,envisionx 43uhdgqmwstq 4,43,26999,Affordable,4K,102.46,0
Toshiba,43c450me 4,43,27999,Affordable,4K,102.46,0
Motorola,envisionx 32hdgqmwstq 3,32,12499,Affordable,HD-Ready,48.97,0
Samsung,qa75qn90dau 7,75,449990,Luxury,QLED 4K,58.74,1
Samsung,qa83s90dae 8,83,599990,Luxury,4K,53.08,1
Samsung,qa77s90dae 7,77,469900,Luxury,4K,57.22,1
Vu,55cinema 5,55,35998,Mid-range,4K,80.11,0
Vu,43cinema 4,43,24498,Affordable,4K,102.46,0
Samsung,qa85qn85dbu 8,85,699490,Luxury,QLED 4K,51.83,1
Samsung,qa85qn900du 8,85,1269990,Luxury,QLED 8K UHD,103.67,1
Samsung,qa65s95dau 6,65,252990,Luxury,4K,67.78,1
Samsung,qa77s95dau 7,77,499990,Luxury,4K,57.22,1
Samsung,ua50due70bk 5,50,44990,Mid-range,4K,88.12,0
Samsung,ua55due70bk 5,55,46990,Mid-range,4K,80.11,0
Samsung,ua43due70bk 4,43,32990,Mid-range,4K,102.46,0
Samsung,ua43due76ak 4,43,34990,Mid-range,4K,102.46,0
Samsung,ua65due70bk 6,65,67990,High-end,4K,67.78,0
Samsung,ua55due76ak 5,55,48990,Mid-range,4K,80.11,0
Samsung,ua50due76ak 5,50,46490,Mid-range,4K,88.12,0
Samsung,ua65due76ak 6,65,69990,High-end,4K,67.78,0
Samsung,ua43du7660k 4,43,38990,Mid-range,4K,102.46,0
Samsung,ua75du7660k 7,75,119990,Premium,4K,58.74,0
Samsung,ua50du7660k 5,50,48990,Mid-range,4K,88.12,0
Samsung,ua65du7660k 6,65,82990,High-end,4K,67.78,0
Samsung,ua55du7660k 5,55,56990,Mid-range,4K,80.11,0
Samsung,ua55du7700k 5,55,67990,High-end,4K,80.11,0
Samsung,ua50du7700k 5,50,54700,Mid-range,4K,88.12,0
Samsung,ua70du7700k 7,70,109990,Premium,4K,62.94,0
Samsung,ua75du7700k 7,75,144990,Premium,4K,58.74,0
Samsung,ua55due77ak 5,55,49990,Mid-range,4K,80.11,0
Samsung,ua43due77ak 4,43,35990,Mid-range,4K,102.46,0
Samsung,ua65due77ak 6,65,71490,High-end,4K,67.78,0
Samsung,ua55du8300u 5,55,64990,High-end,4K,80.11,0
Samsung,ua43du8300u 4,43,44990,Mid-range,4K,102.46,0
Samsung,qa55q60dau 5,55,77990,High-end,4K,80.11,0
Samsung,ua65du8300u 6,65,89990,High-end,4K,67.78,0
Samsung,qa50q60dau 5,50,64990,High-end,4K,88.12,0
Samsung,qa65q60dau 6,65,121990,Premium,4K,67.78,0
Samsung,ua75du8300u 7,75,149990,Premium,4K,58.74,0
Samsung,qa75q60dau 7,75,284990,Luxury,4K,58.74,1
Samsung,qa43q60dau 4,43,56990,Mid-range,4K,102.46,0
Samsung,ua50du8300u 5,50,54990,Mid-range,4K,88.12,0
Samsung,qa85q60dau 8,85,499990,Luxury,4K,51.83,1
Samsung,ua85du8300u 8,85,329990,Luxury,4K,51.83,1
Innoq,24e-npro 2,24,5490,Budget,HD-Ready,65.3,0
Innoq,43e-delux 4,43,14990,Affordable,Full HD,51.23,0
Tcl,50v6b 5,50,32990,Mid-range,4K,88.12,0
Tcl,32l4b 3,32,13490,Affordable,HD-Ready,48.97,0
Tcl,55v6b 5,55,35990,Mid-range,4K,80.11,0
Tcl,55p71b pro 5,55,44990,Mid-range,4K,80.11,0
Tcl,65p71b pro 6,65,64990,High-end,4K,67.78,0
Tcl,65v6b 6,65,52990,Mid-range,4K,67.78,0
Tcl,75p71b pro 7,75,89990,High-end,4K,58.74,0
Tcl,75v6b 7,75,79990,High-end,4K,58.74,0
Impex,evoq 43s3rld2 4,43,23990,Affordable,Full HD,51.23,0
Kodak,43se5004bl 4,43,14999,Affordable,Full HD,51.23,0
Samsung,ua65du7700k 6,65,95990,High-end,4K,67.78,0
Samsung,ua43du7000k 4,43,41200,Mid-range,4K,102.46,0
Samsung,qa65qn800du 6,65,377490,Luxury,QLED 8K UHD,135.56,1
Samsung,qa85qn90dau 8,85,629990,Luxury,QLED 4K,51.83,1
Samsung,qa98qn90dau 9,98,1399990,Luxury,QLED 4K,44.96,1
Samsung,qa55qn90dau 5,55,156990,Premium,QLED 4K,80.11,0
Samsung,qa65qn85dbu 6,65,187490,Premium,QLED 4K,67.78,1
Samsung,qa75qn800du 7,75,849990,Luxury,QLED 8K UHD,117.49,1
Samsung,qa55qn85dbu 5,55,139990,Premium,QLED 4K,80.11,0
Samsung,qa65qn90dau 6,65,212490,Luxury,QLED 4K,67.78,1
Samsung,qa75qn85dbu 7,75,414990,Luxury,QLED 4K,58.74,1
Samsung,qa55s95dau 5,55,204990,Luxury,4K,80.11,1
Bpl,32-d4301 3,32,13490,Affordable,HD-Ready,48.97,0
Impex,platina 32 m4e9lf 3,32,8499,Budget,HD-Ready,48.97,0
Aisen,a32hds624 3,32,10490,Affordable,HD-Ready,48.97,0
Bpl,43f-e2300 4,43,20990,Affordable,Full HD,51.23,0
Bpl,55u-d5310 5,55,38990,Mid-range,4K,80.11,0
Bpl,32h-d7300 3,32,13490,Affordable,HD-Ready,48.97,0
Lg,55qned83sra 5,55,94990,High-end,4K,80.11,0
Lg,65qned83sra 6,65,135990,Premium,4K,67.78,0
Lg,86qned80sra 8,86,649990,Luxury,4K,51.23,1
Lg,86qned99sqb 8,86,1369990,Luxury,8K UHD,102.46,1
Salora,slv-3505 gtv 5,50,34999,Mid-range,4K,88.12,0
Impex,platina 43 m4e9lf 4,43,15999,Affordable,Full HD,51.23,0
Salora,slv-3555 qgtv 5,55,39999,Mid-range,4K,80.11,0
Candy,ca43c9ug 4,43,24990,Affordable,4K,102.46,0
Dyanora,dy-ld24h1n 2,24,5999,Budget,HD-Ready,65.3,0
Panasonic,th-65mx850dx 6,65,99860,High-end,4K,67.78,0
Lloyd,32ws551e 3,32,16979,Affordable,HD-Ready,48.97,0
Onida,43uig-r 4,43,27159,Affordable,4K,102.46,0
Panasonic,th-75mx740dx 7,75,124990,Premium,4K,58.74,0
Panasonic,th-43mx750dx 4,43,41489,Mid-range,4K,102.46,0
Panasonic,th-55mx750dx 5,55,57929,Mid-range,4K,80.11,0
Croma,crel032hbc024602 3,32,7990,Budget,HD-Ready,48.97,0
Croma,crel075ugb024601 7,75,149990,Premium,LED 4K,58.74,0
Aiwa,magnifiq as43uhdx1-gtv 4,43,28990,Affordable,4K,102.46,0
Impex,grande 65 smart au00bl 6,65,56900,Mid-range,4K,67.78,0
Aiwa,magnifiq as55uhdx1-gtv 5,55,37890,Mid-range,4K,80.11,0
Fox-trot,4k-hb 4,43,20099,Affordable,4K,102.46,0
Vise,vs65uwc1a 6,65,52990,Mid-range,4K,67.78,0
Panasonic,th-65mx800dx 6,65,82960,High-end,4K,67.78,0
Lg,oled97g2psa 9,97,1999990,Luxury,EVO 4K,45.42,1
Croma,crel032hbd307601 3,32,7590,Budget,HD-Ready,48.97,0
Panasonic,th-43ms680dx 4,43,32490,Mid-range,Full HD,51.23,0
Lg,75qned80sra 7,75,439990,Luxury,4K,58.74,1
Croma,55ugc024602 5,55,39990,Mid-range,4K,80.11,0
Croma,50ugc024602 5,50,34990,Mid-range,4K,88.12,0
Itel,l3265 3,32,9900,Budget,HD-Ready,48.97,0
Impex,evoq 65s4rlc2 6,65,61490,High-end,4K,67.78,0
Croma,32hgc024602 3,32,10990,Affordable,HD-Ready,48.97,0
Reliance,re32mp3972 3,32,11039,Affordable,HD-Ready,48.97,0
Bpl,32h-d2300 3,32,12990,Affordable,HD-Ready,48.97,0
Panasonic,th-43ms550dx 4,43,25590,Affordable,Full HD,51.23,0
Tcl,43s5400a 4,43,22990,Affordable,Full HD,51.23,0
Tcl,75c645 7,75,159990,Premium,4K,58.74,0
T-series,ts80c-a 3,32,10990,Affordable,HD-Ready,48.97,0
T-series,43two400f 4,43,27990,Affordable,Full HD,51.23,0
Bpl,43u-c7312 4,43,27390,Affordable,4K,102.46,0
Panasonic,th-55mx740dx 5,55,53990,Mid-range,4K,80.11,0
Haier,h43gs 4,43,30990,Mid-range,4K,102.46,0
Haier,l65fg 6,65,57990,Mid-range,4K,67.78,0
Haier,l50fg 5,50,32990,Mid-range,4K,88.12,0
Dyanora,au series dy-ld43f0s 4,43,16999,Affordable,Full HD,51.23,0
Croma,crel43fsd24601 4,43,16690,Affordable,Full HD,51.23,0
Lg,50ur7550psc 5,50,50990,Mid-range,4K,88.12,0
Detel,di65bsakb 6,65,119999,Premium,4K,67.78,0
Panasonic,th-65mx710dx 6,65,68780,High-end,4K,67.78,0
Lg,55qned80sra 5,55,75990,High-end,4K,80.11,0
Croma,43ugc024601 4,43,26990,Affordable,4K,102.46,0
Panasonic,th-55mx850dx 5,55,67459,High-end,4K,80.11,0
Croma,32hsc24601 3,32,8499,Budget,HD-Ready,48.97,0
Kevin,kn43fl 4,43,15499,Affordable,Full HD,51.23,0
Croma,50ugc024601 5,50,33990,Mid-range,4K,88.12,0
Infinix,w1 4,43,21999,Affordable,4K,102.46,0
Infinix,w1 3,32,11499,Affordable,HD-Ready,48.97,0
Samsung,ua75cu7650kx 7,75,138990,Premium,4K,58.74,0
Samsung,ua65cu7650kl 6,65,88990,High-end,4K,67.78,0
Lg,65qned80sra 6,65,169990,Premium,4K,67.78,0
Aiwa,a43fhdx1 4,43,20990,Affordable,4K,102.46,0
Lg,65ur7550psc 6,65,74990,High-end,4K,67.78,0
Panasonic,th-32ms680dx 3,32,19490,Affordable,HD-Ready,48.97,0
Sony,bravia xr-85x95l 8,85,503490,Luxury,LED 4K,51.83,1
Lg,43ur7550psc 4,43,37090,Mid-range,4K,102.46,0
Lg,55ur7550psc 5,55,50990,Mid-range,4K,80.11,0
Haier,43p7gt 4,43,34990,Mid-range,4K,102.46,0
Haier,50p7gt 5,50,37950,Mid-range,4K,88.12,0
Haier,65p7gt 6,65,63950,High-end,4K,67.78,0
Croma,crel065ugc024601 6,65,55990,Mid-range,4K,67.78,0
Croma,43fgd024601 4,43,22990,Affordable,Full HD,51.23,0
Croma,55ugc024601 5,55,38990,Mid-range,4K,80.11,0
Lloyd,65qx900d 6,65,68590,High-end,4K,67.78,0
Sansui,jsw86asuhdff 8,86,179999,Premium,4K,51.23,1
Lg,43ur8050psb 4,43,38990,Mid-range,4K,102.46,0
Lg,55ur8050psb 5,55,55490,Mid-range,4K,80.11,0
Lg,43uq7300pta 4,43,38499,Mid-range,4K,102.46,0
Lg,50ur8050psb 5,50,51990,Mid-range,4K,88.12,0
Lg,70ur8050psb 7,70,88990,High-end,4K,62.94,0
Lg,75ur8050psb 7,75,127990,Premium,4K,58.74,0
Lg,86ur8050psb 8,86,289990,Luxury,4K,51.23,1
Samsung,qa77s90cak 7,77,449990,Luxury,4K,57.22,1
Lg,32lq640bpta 3,32,19999,Affordable,HD-Ready,48.97,0
Panasonic,th-43mx740dx 4,43,39490,Mid-range,4K,102.46,0
Samsung,qa55s95cak 5,55,202490,Luxury,4K,80.11,1
Samsung,qa77s95cak 7,77,499990,Luxury,4K,57.22,1
Panasonic,th-55lz950dx 5,55,125740,Premium,4K,80.11,0
Panasonic,th-65lz950dx 6,65,189839,Premium,4K,67.78,1
Croma,crel032hgc024601 3,32,12990,Affordable,HD-Ready,48.97,0
Lg,oled42c3psa 4,42,119990,Premium,EVO 4K,104.9,0
Lg,oled77c3psa 7,77,459990,Luxury,EVO 4K,57.22,1
Lg,oled55c3xsa 5,55,167990,Premium,EVO 4K,80.11,0
Lg,oled83c3psa 8,83,717090,Luxury,EVO 4K,53.08,1
Lg,oled55g3psa 5,55,164990,Premium,EVO 4K,80.11,0
Lg,oled65c3xsa 6,65,216490,Luxury,EVO 4K,67.78,1
Lg,oled77b3psa 7,77,469990,Luxury,4K,57.22,1
Lg,oled48c3xsa 4,48,107990,Premium,EVO 4K,91.79,0
Samsung,qa65q70cak 6,65,126990,Premium,4K,67.78,0
Lg,65ur8050psb 6,65,81990,High-end,4K,67.78,0
Samsung,ua85cu8000k 8,85,369990,Luxury,4K,51.83,1
Samsung,qa65qn700ck 6,65,314990,Luxury,QLED 8K UHD,135.56,1
Haier,55s8gt 5,55,52490,Mid-range,4K,80.11,0
Aiwa,magnifiq a32hdx1 3,32,12490,Affordable,HD-Ready,48.97,0
Jvc,lt-58nq7135cgx 5,58,52990,Mid-range,4K,75.96,0
Cellecor,e32n 3,32,8399,Budget,HD-Ready,48.97,0
Samsung,ua75cu7700k 7,75,149990,Premium,4K,58.74,0
Samsung,ua75cu8000k 7,75,175990,Premium,4K,58.74,1
Samsung,qa65q60cak 6,65,124900,Premium,4K,67.78,0
Samsung,qa75q60cak 7,75,284990,Luxury,4K,58.74,1
Samsung,qa85q60cak 8,85,524990,Luxury,4K,51.83,1
Samsung,qa65qn95cak 6,65,284990,Luxury,QLED 4K,67.78,1
Samsung,qa55qn95cak 6,65,189990,Premium,QLED 4K,67.78,1
Samsung,ua43t5410ak 4,43,27490,Affordable,Full HD,51.23,0
Haier,le32a7 3,32,12490,Affordable,HD-Ready,48.97,0
Haier,le32a9000 3,32,15490,Affordable,HD-Ready,48.97,0
Samsung,ua43cu8000k 4,43,45290,Mid-range,4K,102.46,0
Samsung,qa55q60cak 5,55,88990,High-end,4K,80.11,0
Samsung,ua65cu7700k 6,65,93990,High-end,4K,67.78,0
Samsung,qa50q60cak 5,50,69990,High-end,4K,88.12,0
Onida,43uif-r 4,43,25999,Affordable,4K,102.46,0
Haier,le40k7700ga 4,40,26990,Affordable,Full HD,55.07,0
Akai,aklt24n-d53w 2,24,7850,Budget,HD-Ready,65.3,0
Samsung,ua55cu7700k 5,55,62490,High-end,4K,80.11,0
Croma,crel065uga024601 6,65,69990,High-end,4K,67.78,0
Amstrad,am55ug11nxt 5,55,38250,Mid-range,4K,80.11,0
Amstrad,am43ug11nxt 4,43,27490,Affordable,4K,102.46,0
Samsung,ua65cu8000k 6,65,89490,High-end,4K,67.78,0
Samsung,ua55cu8000k 5,55,64290,High-end,4K,80.11,0
Croma,crel024hbb024602 2,24,5190,Budget,HD-Ready,65.3,0
Haier,43ega1 4,43,26990,Affordable,Full HD,51.23,0
Haier,le43k7700uga 4,43,29999,Affordable,4K,102.46,0
Croma,crel055uga024601 5,55,54990,Mid-range,4K,80.11,0
Jvc,lt-75nq7115cgx 7,75,114490,Premium,4K,58.74,0
Jvc,lt-65nq7115cgx 6,65,67490,High-end,4K,67.78,0
Haier,k series le43k7ga 4,43,33899,Mid-range,Full HD,51.23,0
Tcl,32s5201 3,32,13900,Affordable,Full HD,68.84,0
Samsung,ua32t4360 3,32,17623,Affordable,HD-Ready,48.97,0
Lloyd,55us850d 5,55,87210,High-end,4K,80.11,0
Impex,grande 50 smart au00bl 5,50,33990,Mid-range,4K,88.12,0
Panasonic,th-32ls670dx 3,32,23500,Affordable,HD-Ready,48.97,0
Bush,32sflo 3,32,9998,Budget,Full HD,68.84,0
Samsung,ua32t4110ar 3,32,19999,Affordable,HD-Ready,48.97,0
Thomson,5q50h1000 5,50,33999,Mid-range,4K,88.12,0
Lg,65nano75sqa 6,65,90990,High-end,4K,67.78,0
Itel,a2410ie 2,24,8800,Budget,HD-Ready,65.3,0
Panasonic,th-42js650dx 4,42,40849,Mid-range,Full HD,52.45,0
Panasonic,th-43lx750dx 4,43,40990,Mid-range,4K,102.46,0
Salora,slv-4324sl 3,32,10499,Affordable,HD-Ready,48.97,0
Imee,supreme 43sflcs 4,43,22999,Affordable,Full HD,51.23,0
Imee,elite pro 43sfl 4,43,29550,Affordable,Full HD,51.23,0
Impex,fiesta 55ufx2ac11 5,55,59990,Mid-range,4K,80.11,0
Imee,signature 65sflvc 6,65,64999,High-end,4K,67.78,0
Tcl,55p616 5,55,45990,Mid-range,4K,80.42,0
Panasonic,th-32ls550dx 3,32,26599,Affordable,HD-Ready,48.97,0
Tcl,55p735 5,55,49990,Mid-range,4K,80.11,0
Tcl,65p735 6,65,65990,High-end,4K,67.78,0
Tcl,50p735 5,50,38990,Mid-range,4K,88.12,0
Imee,signature 55sflvc 5,55,40999,Mid-range,4K,80.11,0
Lg,86nano75sqa 8,86,554990,Luxury,4K,51.23,1
Lg,55nano75sqa 5,55,64490,High-end,4K,80.11,0
Croma,crel043foa024601 4,43,23990,Affordable,Full HD,51.23,0
Tcl,75c835 7,75,429990,Luxury,4K,58.74,1
Tcl,65c835 6,65,309990,Luxury,4K,67.78,1
Jvc,lt-32n385cve 3,32,10990,Affordable,HD-Ready,48.97,0
Tcl,75c635 7,75,299990,Luxury,4K,58.74,1
Lg,oled65c2xsc 6,65,179990,Premium,EVO 4K,67.78,1
Sony,bravia kd-55x85k 5,55,84990,High-end,4K,80.11,0
Jvc,lt-32n385cce 3,32,10490,Affordable,HD-Ready,48.97,0
Jvc,lt-43n5105cve 4,43,20490,Affordable,Full HD,51.23,0
Samsung,qa55q70bak 5,55,99990,High-end,4K,80.11,0
Samsung,qa75q70bak 7,75,349990,Luxury,4K,58.74,1
Samsung,ua50bu8000k 5,50,63990,High-end,4K,88.12,0
Sony,bravia xr-85z9j 8,85,899990,Luxury,8K UHD,103.67,1
Croma,crel065uoa024601 6,65,59990,Mid-range,4K,67.78,0
Samsung,ua85bu8000k 8,85,399990,Luxury,4K,51.83,1
Panasonic,th-75lx730dx 7,75,179990,Premium,4K,58.74,1
Samsung,qa65qn700bk 6,65,324990,Luxury,QLED 8K UHD,135.56,1
Samsung,ua75bu8000k 7,75,204990,Luxury,4K,58.74,1
Samsung,ua65bu8000k 6,65,112990,Premium,4K,67.78,0
Cornea,55corfls05 5,55,34199,Mid-range,4K,80.11,0
Panasonic,th-32j200dx 3,32,14561,Affordable,HD-Ready,48.97,0
Samsung,qa65q60bak 6,65,174990,Premium,4K,67.78,1
Imee,elite 43sfl 4,43,29999,Affordable,Full HD,51.23,0
Samsung,qa98qn90aakxxl 9,98,1999000,Luxury,4K,44.96,1
Samsung,qa85qn900ak 8,85,1350000,Luxury,8K UHD,103.67,1
Samsung,qa43q60bak 4,43,64990,High-end,4K,102.46,0
Samsung,qa85qn900bk 8,85,1349990,Luxury,QLED 8K UHD,103.67,1
Samsung,qa65qn800bk 6,65,374990,Luxury,QLED 8K UHD,135.56,1
Samsung,qa75q60bak 7,75,319990,Luxury,4K,58.74,1
Samsung,crystal 75au7700 7,75,184990,Premium,4K,58.74,1
Samsung,qa65q80aak 6,65,189990,Premium,4K,67.78,1
Impex,grande 43 au10 4,43,24999,Affordable,Full HD,51.23,0
Lg,65up8000ptz 6,65,84990,High-end,4K,67.78,0
Impex,grande 32 au20 3,32,14990,Affordable,HD-Ready,48.97,0
Akai,aklt40s-d409w 4,40,30990,Mid-range,HD-Ready,39.18,0
Lloyd,43us850c 4,43,33781,Mid-range,4K,102.46,0
Lloyd,58us900c 5,58,65340,High-end,4K,75.96,0
Lloyd,50us900b 5,50,42990,Mid-range,4K,88.12,0
Bpl,65u-a4310 6,65,56990,Mid-range,4K,67.78,0
Lloyd,32hs550c 3,32,16490,Affordable,HD-Ready,48.97,0
Lloyd,32hb250c 3,32,14329,Affordable,HD-Ready,48.97,0
Lg,50up7550ptz 5,50,48990,Mid-range,4K,88.12,0
Samsung,qa65qn700ak 6,65,319990,Luxury,8K UHD,135.56,1
Lg,55nano75tpz 5,55,57990,Mid-range,4K,80.11,0
Lg,65nano75tpz 6,65,79990,High-end,4K,67.78,0
Lg,65nano95tna 6,65,210990,Luxury,8K UHD,135.56,1
Lg,43lm5620pta 4,43,32990,Mid-range,Full HD,51.23,0
Samsung,ua85au8000k 8,85,394990,Luxury,4K,51.83,1
Samsung,qa75qn85aak 7,75,424990,Luxury,4K,58.74,1
Detel,di49ska 4,49,69999,High-end,4K,89.91,0
Sansui,jsw32nshd 3,32,17990,Affordable,HD-Ready,48.97,0
Panasonic,viera th-65jx750dx 6,65,79100,High-end,4K,67.78,0
Haier,le32d4000 3,32,12990,Affordable,HD-Ready,48.97,0
Lg,43up7750ptz 4,43,37092,Mid-range,4K,102.46,0
Samsung,ua65au8000k 6,65,69990,High-end,4K,67.78,0
Samsung,ua65au9070ul 6,65,111990,Premium,4K,67.78,0
Samsung,qa65q60aak 6,65,154990,Premium,4K,67.78,0
Samsung,qa55q80aak 5,55,84990,High-end,4K,80.11,0
Lloyd,l43fs301b 4,43,29995,Affordable,Full HD,51.23,0
Toshiba,65u8080 6,65,99999,High-end,4K,67.78,0
Lg,55un7350ptd 5,55,49990,Mid-range,4K,80.11,0
Samsung,qa98q80cak 9,98,824990,Luxury,4K,44.96,1
Sharp,lc-32le185m 3,32,24950,Affordable,HD-Ready,48.97,0
Lg,65un7300ptc 6,65,111990,Premium,4K,67.78,0
Lloyd,l32hb250b 3,32,14799,Affordable,HD-Ready,48.97,0
Lg,75un8000ptb 7,75,119990,Premium,4K,58.74,0
Samsung,ua65mu6470u 6,65,293900,Luxury,4K,67.78,1
Haier,55p7gt 5,55,42750,Mid-range,4K,80.11,0
Haier,le32k8200gt 3,32,14490,Affordable,HD-Ready,48.97,0
